,store_cd,amount
28,S13052,402.86746987951807
12,S13015,351.11196043165467
7,S13003,350.9155188246097
30,S14010,348.79126213592235
5,S13001,348.4703862660944
