,store_cd,amount
28,S13052,440088.70131126913
31,S14011,306314.55816388887
42,S14034,296920.0810112844
5,S13001,295431.99332903494
12,S13015,295294.36111594073
