,store_cd,amount
28,S13052,663.3918158307872
31,S14011,553.4569162671011
42,S14034,544.903735545357
5,S13001,543.5365611704837
12,S13015,543.4099383669209
