,store_cd,amount
1,S12013,330.19412997903567
5,S13001,348.4703862660944
7,S13003,350.9155188246097
8,S13004,330.94394904458596
12,S13015,351.11196043165467
16,S13019,330.20861587554845
17,S13020,337.879932117098
28,S13052,402.86746987951807
30,S14010,348.79126213592235
31,S14011,335.7183333333333
38,S14026,332.34058847239015
46,S14045,330.0820734341253
48,S14047,330.0770731707317
