,customer_id,amount,std_amount
0,CS001113000004,1298,-0.459377880258134
1,CS001114000005,626,-0.7063903657165819
2,CS001115000010,3044,0.18241348820979753
3,CS001205000004,1988,-0.20574898893919197
4,CS001205000006,3337,0.2901138724945077
5,CS001211000025,456,-0.7688786432879153
6,CS001212000027,448,-0.7718192681148016
7,CS001212000031,296,-0.827691139825641
8,CS001212000046,228,-0.8526864508541745
9,CS001212000070,456,-0.7688786432879153
