,customer_id,amount,std_amount
0,CS001113000004,1298,0.05335418839068474
1,CS001114000005,626,0.02415710809871394
2,CS001115000010,3044,0.12921445950643032
3,CS001205000004,1988,0.08333333333333334
4,CS001205000006,3337,0.14194473409801878
5,CS001211000025,456,0.016770941953423706
6,CS001212000027,448,0.016423357664233577
7,CS001212000031,296,0.009819256169621133
8,CS001212000046,228,0.00686478971150504
9,CS001212000070,456,0.016770941953423706
