,customer_id,sum_all,sum_07,sales_rate
0,CS001113000004,1298,1298,1.0
1,CS001114000005,626,486,0.7763578274760383
2,CS001115000010,3044,2694,0.8850197109067017
3,CS001205000004,1988,346,0.17404426559356137
4,CS001205000006,3337,2004,0.600539406652682
5,CS001212000027,448,200,0.44642857142857145
6,CS001212000031,296,296,1.0
7,CS001212000046,228,108,0.47368421052631576
8,CS001212000070,456,308,0.6754385964912281
9,CS001213000018,243,145,0.5967078189300411
