,customer_id,amount,log_amount
0,CS001113000004,1298,3.1134419539653213
1,CS001114000005,626,2.796921075330169
2,CS001115000010,3044,3.4835159783905416
3,CS001205000004,1988,3.298525595321999
4,CS001205000006,3337,3.5234212743726316
5,CS001211000025,456,2.659440781870318
6,CS001212000027,448,2.651762447380111
7,CS001212000031,296,2.4720246977002813
8,CS001212000046,228,2.358886204405869
9,CS001212000070,456,2.659440781870318
