,customer_id,amount,log_amount
0,CS001113000004,1298,7.168965031102803
1,CS001114000005,626,6.440148774336123
2,CS001115000010,3044,8.02109196304863
3,CS001205000004,1988,7.595135864647745
4,CS001205000006,3337,8.112977302708504
5,CS001211000025,456,6.1235887000350235
6,CS001212000027,448,6.105908681498851
7,CS001212000031,296,5.69204721843778
8,CS001212000046,228,5.43153621033426
9,CS001212000070,456,6.1235887000350235
