,customer_id,amount,log_sum_amount,log_sum_amount_ss
8306,ZZ000000000000,12395003,16.332804005823313,7.967821905217021
